Transaction Type,Creation Time,Mobile Number,IP Address,Personal Info,FilterID
1,204846747,2583181813,113.78.209.106,"{"Email":"John.Doe@example.com" "Name":"John Doe"}",1111 2222
2,204846289,2415302328,192.112.189.95,"{"Email":"Jane.Smith@example.com" "Name":"Jane Smith"}",
3,204846675,2172183564,189.44.19.205,"{"Email":"John.Doe@example.com" "Name":"John Doe"}",2222
4,204846971,1718424058,80.202.244.204,"{"Email":"Bob.Brown@example.com" "Name":"Bob Brown"}",
5,204846786,2830872948,162.105.213.56,"{"Email":"Charlie.Davis@example.com" "Name":"Charlie Davis"}",
6,204846944,1401551123,185.204.97.89,"{"Email":"Bob.Brown@example.com" "Name":"Bob Brown"}",
7,204846612,3087693689,13.134.71.64,"{"Email":"John.Doe@example.com" "Name":"John Doe"}",
8,204846378,2340348618,255.196.245.50,"{"Email":"Alice.Johnson@example.com" "Name":"Alice Johnson"}",
9,204846911,1320393039,2.195.209.202,"{"Email":"Alice.Johnson@example.com" "Name":"Alice Johnson"}",
10,204846453,2080651684,165.183.229.76,"{"Email":"Alice.Johnson@example.com" "Name":"Alice Johnson"}",8888
1,211647450,2337848614,252.227.208.11,"{"Email":"Charlie.Davis@example.com" "Name":"Charlie Davis"}",
2,211647159,1442915874,195.155.200.100,"{"Email":"Alice.Johnson@example.com" "Name":"Alice Johnson"}",
3,211647136,2561692608,116.13.69.255,"{"Email":"John.Doe@example.com" "Name":"John Doe"}",
4,211647454,2919824744,71.124.47.121,"{"Email":"Jane.Smith@example.com" "Name":"Jane Smith"}",
5,211647886,1070098917,1.11.160.246,"{"Email":"Bob.Brown@example.com" "Name":"Bob Brown"}",
6,211647335,2254258686,28.32.62.184,"{"Email":"Jane.Smith@example.com" "Name":"Jane Smith"}",
7,211647908,2338448608,171.160.132.172,"{"Email":"Charlie.Davis@example.com" "Name":"Charlie Davis"}",
8,211647709,2479406367,119.136.211.254,"{"Email":"John.Doe@example.com" "Name":"John Doe"}",
9,211647428,2867281855,72.164.194.82,"{"Email":"Alice.Johnson@example.com" "Name":"Alice Johnson"}",
10,211647655,1385478474,139.72.158.211,"{"Email":"Alice.Johnson@example.com" "Name":"Alice Johnson"}",
1,204846747,2583181813,113.78.209.106,"{"Email":"John.Doe@example.com" "Name":"John Doe"}",1111 2222
2,204846289,2415302328,192.112.189.95,"{"Email":"Jane.Smith@example.com" "Name":"Jane Smith"}",
3,204846675,2172183564,189.44.19.205,"{"Email":"John.Doe@example.com" "Name":"John Doe"}",2222
4,204846971,1718424058,80.202.244.204,"{"Email":"Bob.Brown@example.com" "Name":"Bob Brown"}",
5,204846786,2830872948,162.105.213.56,"{"Email":"Charlie.Davis@example.com" "Name":"Charlie Davis"}",
6,204846944,1401551123,185.204.97.89,"{"Email":"Bob.Brown@example.com" "Name":"Bob Brown"}",
7,204846612,3087693689,13.134.71.64,"{"Email":"John.Doe@example.com" "Name":"John Doe"}",
8,204846378,2340348618,255.196.245.50,"{"Email":"Alice.Johnson@example.com" "Name":"Alice Johnson"}",
9,204846911,1320393039,2.195.209.202,"{"Email":"Alice.Johnson@example.com" "Name":"Alice Johnson"}",
10,204846453,2080651684,165.183.229.76,"{"Email":"Alice.Johnson@example.com" "Name":"Alice Johnson"}",8888
1,211647450,2337848614,252.227.208.11,"{"Email":"Charlie.Davis@example.com" "Name":"Charlie Davis"}",
2,211647159,1442915874,195.155.200.100,"{"Email":"Alice.Johnson@example.com" "Name":"Alice Johnson"}",
3,211647136,2561692608,116.13.69.255,"{"Email":"John.Doe@example.com" "Name":"John Doe"}",
4,211647454,2919824744,71.124.47.121,"{"Email":"Jane.Smith@example.com" "Name":"Jane Smith"}",
5,211647886,1070098917,1.11.160.246,"{"Email":"Bob.Brown@example.com" "Name":"Bob Brown"}",
6,211647335,2254258686,28.32.62.184,"{"Email":"Jane.Smith@example.com" "Name":"Jane Smith"}",
7,211647908,2338448608,171.160.132.172,"{"Email":"Charlie.Davis@example.com" "Name":"Charlie Davis"}",
8,211647709,2479406367,119.136.211.254,"{"Email":"John.Doe@example.com" "Name":"John Doe"}",
9,211647428,2867281855,72.164.194.82,"{"Email":"Alice.Johnson@example.com" "Name":"Alice Johnson"}",
10,211647655,1385478474,139.72.158.211,"{"Email":"Alice.Johnson@example.com" "Name":"Alice Johnson"}",
